,Training Time (Seconds),Accuracy/Coord_Acc Train,Accuracy/Coord_Acc Validation,Accuracy/Coord_Acc Test,MSE Train,MSE Validation,MSE Test,MAE Train,MAE Validation,MAE Test,Precision/IoU Train,Precision/IoU Validation,Precision/IoU Test,Recall Train,Recall Validation,Recall Test,F1-Score Train,F1-Score Validation,F1-Score Test,R2 Score Train,R2 Score Validation,R2 Score Test
RandomForestClassifier,0.9998586177825928,1.0,0.965,0.9825,0.0,0.1550000011920929,0.07500000298023224,0.0,0.03500000014901161,0.03500000014901161,1.0,0.9668081945598381,0.9828998778998781,1.0,0.965,0.9825,1.0,0.9650931090408783,0.9823695528689265,1.0,0.8500958057048217,0.9285880063556674
Optimized RandomForest,1.214080810546875,0.9995238095238095,0.9725,0.9775,0.0019047618843615055,0.1274999976158142,0.10249999910593033,0.02648809552192688,0.03269047662615776,0.035158731043338776,0.9995250593675792,0.9736443341604633,0.9783065025252526,0.9995238095238095,0.9725,0.9775,0.9995239795667673,0.9725206931798798,0.9774311040766421,0.9981004775037742,0.8766917111442888,0.9024036086860788
CNN Classification,236.33255624771118,0.9857142857142858,0.9725,0.9675,0.10476190596818924,0.1850000023841858,0.23000000417232513,0.03557823225855827,0.03988095372915268,0.044894181191921234,0.9857508589535737,0.9728979718438243,0.9681517718392718,0.9857142857142858,0.9725,0.9675,0.9856879389622127,0.9723723817180017,0.9669436111428382,0.8955262627075794,0.8210820906799485,0.7810032194907135
CNN Classification Denoised,125.14159774780273,0.9285714285714286,0.885,0.895,0.3938095271587372,0.5924999713897705,0.5600000023841858,0.056738097220659256,0.07453463226556778,0.08790674805641174,0.930484858316598,0.8904108910891089,0.8955902432283029,0.9285714285714286,0.885,0.895,0.9288511096844327,0.8852945311207896,0.894611463220282,0.6072737239053096,0.42697912825875395,0.4667904474556501
CNN Detection Model,362.03924322128296,0.8130577736026303,0.7960199004975125,0.7970443349753694,0.0012233889428898692,0.0023457040078938007,0.0027877571992576122,0.007188217714428902,0.008169079199433327,0.008275594562292099,0.19357642512754186,0.18262108528142562,0.17975929513690062,N/A,N/A,N/A,N/A,N/A,N/A,0.9819605350494385,0.9631985425949097,0.957817792892456
