,Training Time (Seconds),Accuracy/Coord_Acc Train,Accuracy/Coord_Acc Validation,Accuracy/Coord_Acc Test,MSE Train,MSE Validation,MSE Test,MAE Train,MAE Validation,MAE Test,Precision/IoU Train,Precision/IoU Validation,Precision/IoU Test,Recall Train,Recall Validation,Recall Test,F1-Score Train,F1-Score Validation,F1-Score Test,R2 Score Train,R2 Score Validation,R2 Score Test
RandomForestClassifier,1.0000219345092773,1.0,0.965,0.9825,0.0,0.1550000011920929,0.07500000298023224,0.0,0.03500000014901161,0.03500000014901161,1.0,0.9668081945598381,0.9828998778998781,1.0,0.965,0.9825,1.0,0.9650931090408783,0.9823695528689265,1.0,0.8500958057048217,0.9285880063556674
Optimized RandomForest,1.2147839069366455,0.9995238095238095,0.9725,0.9775,0.0019047618843615055,0.1274999976158142,0.10249999910593033,0.02648809552192688,0.03269047662615776,0.035158731043338776,0.9995250593675792,0.9736443341604633,0.9783065025252526,0.9995238095238095,0.9725,0.9775,0.9995239795667673,0.9725206931798798,0.9774311040766421,0.9981004775037742,0.8766917111442888,0.9024036086860788
CNN Classification,132.87330293655396,0.96,0.9225,0.94,0.21761904656887054,0.3824999928474426,0.35249999165534973,0.04312925413250923,0.05867559462785721,0.06798941642045975,0.9613600829038581,0.9275542553191489,0.942844226367837,0.96,0.9225,0.94,0.9600167184461743,0.9229957746134373,0.9396129028799851,0.782979554806199,0.6300751334328665,0.6643636298716369
CNN Classification Denoised,113.96926045417786,0.9647619047619047,0.935,0.945,0.2147618979215622,0.33250001072883606,0.32499998807907104,0.06971428543329239,0.07633116841316223,0.08080356568098068,0.9658456040906916,0.9416289459604066,0.9478394784813011,0.9647619047619047,0.935,0.945,0.9647046911853495,0.9349436500324678,0.9443450787904331,0.7858288385505376,0.6784313251409885,0.6905480275412255
CNN Detection Model,115.73641586303711,0.7086895255988727,0.7039800995024875,0.7068965517241379,0.005749952979385853,0.008019903674721718,0.007916477508842945,0.016051748767495155,0.017677776515483856,0.01715688407421112,0.14208953951107106,0.13348387160192943,0.14352826853457373,N/A,N/A,N/A,N/A,N/A,N/A,0.9152140617370605,0.8741766810417175,0.8802138566970825
