,Training Time (Seconds),Accuracy/Coord_Acc Train,Accuracy/Coord_Acc Validation,Accuracy/Coord_Acc Test,MSE Train,MSE Validation,MSE Test,MAE Train,MAE Validation,MAE Test,Precision/IoU Train,Precision/IoU Validation,Precision/IoU Test,Recall Train,Recall Validation,Recall Test,F1-Score Train,F1-Score Validation,F1-Score Test,R2 Score Train,R2 Score Validation,R2 Score Test
RandomForestClassifier,1.12495756149292,1.0,0.965,0.9825,0.0,0.1550000011920929,0.07500000298023224,0.0,0.03500000014901161,0.03500000014901161,1.0,0.9668081945598381,0.9828998778998781,1.0,0.965,0.9825,1.0,0.9650931090408783,0.9823695528689265,1.0,0.8500958057048217,0.9285880063556674
Optimized RandomForest,1.2621278762817383,0.9995238095238095,0.9725,0.9775,0.0019047618843615055,0.1274999976158142,0.10249999910593033,0.02648809552192688,0.03269047662615776,0.035158731043338776,0.9995250593675792,0.9736443341604633,0.9783065025252526,0.9995238095238095,0.9725,0.9775,0.9995239795667673,0.9725206931798798,0.9774311040766421,0.9981004775037742,0.8766917111442888,0.9024036086860788
CNN Classification,248.41499733924866,0.9857142857142858,0.9675,0.97,0.10000000149011612,0.20499999821186066,0.20749999582767487,0.03544217720627785,0.041011907160282135,0.04506613686680794,0.9857440532238265,0.9680098242771054,0.970439412926255,0.9857142857142858,0.9675,0.97,0.9857127099766265,0.9674303128315982,0.9695341370349507,0.9002750689481439,0.8017396139966997,0.8024268175840132
CNN Classification Denoised,147.21566319465637,0.9619047619047619,0.9325,0.9425,0.21619047224521637,0.3700000047683716,0.33500000834465027,0.049416668713092804,0.05901515483856201,0.06534722447395325,0.9631528560618151,0.9369097072750754,0.944391929863999,0.9619047619047619,0.9325,0.9425,0.9618923454520362,0.9325230079288168,0.9419717379066435,0.7844041966783684,0.642164181359897,0.6810264283886478
CNN Detection Model,346.8905334472656,0.8173790511977455,0.8019900497512438,0.7990147783251231,0.0011548352194949985,0.001993646379560232,0.0025880669709295034,0.00704099889844656,0.007755989208817482,0.008065631613135338,0.19363991995333069,0.18441405636942362,0.18471647926897275,N/A,N/A,N/A,N/A,N/A,N/A,0.9829713702201843,0.9687219262123108,0.9608393311500549
