,Training Time (Seconds),Accuracy/Coord_Acc Test,MSE Test,MAE Test,R2 Score Test
RandomForestClassifier,1.0067636966705322,0.9825,0.07500000298023224,0.03500000014901161,0.9285880063556674
Optimized RandomForest,1.231778621673584,0.9775,0.10249999910593033,0.035158731043338776,0.9024036086860788
CNN Classification,248.0729238986969,0.985,0.07249999791383743,0.0319179892539978,0.9309684061438118
CNN Classification Denoised,163.848073720932,0.9575,0.2574999928474426,0.04520833492279053,0.7548188218211248
CNN Detection Model,330.28264808654785,0.7679802955665025,0.0030844833236187696,0.009083056822419167,0.9533279538154602
