,Training Time (Seconds),Accuracy/Coord_Acc Test,MSE Test,MAE Test,R2 Score Test
RandomForestClassifier,1.12495756149292,0.9825,0.07500000298023224,0.03500000014901161,0.9285880063556674
Optimized RandomForest,1.2621278762817383,0.9775,0.10249999910593033,0.035158731043338776,0.9024036086860788
CNN Classification,248.41499733924866,0.97,0.20749999582767487,0.04506613686680794,0.8024268175840132
CNN Classification Denoised,147.21566319465637,0.9425,0.33500000834465027,0.06534722447395325,0.6810264283886478
CNN Detection Model,346.8905334472656,0.7990147783251231,0.0025880669709295034,0.008065631613135338,0.9608393311500549
