,Training Time (Seconds),Accuracy/Coord_Acc Test,MSE Test,MAE Test,R2 Score Test
RandomForestClassifier,0.9998586177825928,0.9825,0.07500000298023224,0.03500000014901161,0.9285880063556674
Optimized RandomForest,1.214080810546875,0.9775,0.10249999910593033,0.035158731043338776,0.9024036086860788
CNN Classification,236.33255624771118,0.9675,0.23000000417232513,0.044894181191921234,0.7810032194907135
CNN Classification Denoised,125.14159774780273,0.895,0.5600000023841858,0.08790674805641174,0.4667904474556501
CNN Detection Model,362.03924322128296,0.7970443349753694,0.0027877571992576122,0.008275594562292099,0.957817792892456
