,Training Time (Seconds),Accuracy/Coord_Acc Test,MSE Test,MAE Test,R2 Score Test
RandomForestClassifier,1.0000219345092773,0.9825,0.07500000298023224,0.03500000014901161,0.9285880063556674
Optimized RandomForest,1.2147839069366455,0.9775,0.10249999910593033,0.035158731043338776,0.9024036086860788
CNN Classification,132.87330293655396,0.94,0.35249999165534973,0.06798941642045975,0.6643636298716369
CNN Classification Denoised,113.96926045417786,0.945,0.32499998807907104,0.08080356568098068,0.6905480275412255
CNN Detection Model,115.73641586303711,0.7068965517241379,0.007916477508842945,0.01715688407421112,0.8802138566970825
